marma_id,x,y,type,avoidance_rule,mitigation,source_text,attestation_status
marma_31,6,6,brahma_sthana_primary,do not place walls or columns directly through this marma zone,offset structural line by about 1/24 of a pada or apply the gold-head ritual remedy,Manushyalaya Chandrika marma-avoidance doctrine combined with the Brihat Samhita Brahma-sthana 3x3 center.,INTERPRETATION
marma_32,6,5,brahma_sthana_primary,do not place walls or columns directly through this marma zone,offset structural line by about 1/24 of a pada or apply the gold-head ritual remedy,Manushyalaya Chandrika marma-avoidance doctrine combined with the Brihat Samhita Brahma-sthana 3x3 center.,INTERPRETATION
marma_33,6,4,brahma_sthana_primary,do not place walls or columns directly through this marma zone,offset structural line by about 1/24 of a pada or apply the gold-head ritual remedy,Manushyalaya Chandrika marma-avoidance doctrine combined with the Brihat Samhita Brahma-sthana 3x3 center.,INTERPRETATION
marma_40,5,6,brahma_sthana_primary,do not place walls or columns directly through this marma zone,offset structural line by about 1/24 of a pada or apply the gold-head ritual remedy,Manushyalaya Chandrika marma-avoidance doctrine combined with the Brihat Samhita Brahma-sthana 3x3 center.,INTERPRETATION
marma_41,5,5,brahma_sthana_primary,do not place walls or columns directly through this marma zone,offset structural line by about 1/24 of a pada or apply the gold-head ritual remedy,Manushyalaya Chandrika marma-avoidance doctrine combined with the Brihat Samhita Brahma-sthana 3x3 center.,INTERPRETATION
marma_42,5,4,brahma_sthana_primary,do not place walls or columns directly through this marma zone,offset structural line by about 1/24 of a pada or apply the gold-head ritual remedy,Manushyalaya Chandrika marma-avoidance doctrine combined with the Brihat Samhita Brahma-sthana 3x3 center.,INTERPRETATION
marma_49,4,6,brahma_sthana_primary,do not place walls or columns directly through this marma zone,offset structural line by about 1/24 of a pada or apply the gold-head ritual remedy,Manushyalaya Chandrika marma-avoidance doctrine combined with the Brihat Samhita Brahma-sthana 3x3 center.,INTERPRETATION
marma_50,4,5,brahma_sthana_primary,do not place walls or columns directly through this marma zone,offset structural line by about 1/24 of a pada or apply the gold-head ritual remedy,Manushyalaya Chandrika marma-avoidance doctrine combined with the Brihat Samhita Brahma-sthana 3x3 center.,INTERPRETATION
marma_51,4,4,brahma_sthana_primary,do not place walls or columns directly through this marma zone,offset structural line by about 1/24 of a pada or apply the gold-head ritual remedy,Manushyalaya Chandrika marma-avoidance doctrine combined with the Brihat Samhita Brahma-sthana 3x3 center.,INTERPRETATION
