archetype,plant_families,animal_orders,human_tissues,mathematical_equation,field_quality,historical_recognition,citations
sinusoidal,"Sinuate leaf margins (Fagaceae, Quercus species)","Serpentes (sidewinder rattlesnake motion)","Human spine (S‑shaped curve)","y = A sin(x)","Water element; lunar (moon) phase; Vata (movement)","Sinusoidal functions studied by Fourier; sine waves appear in acoustics and electromagnetism","https://woodyplantstutorial.nres.illinois.edu/margins/mar-sinuate.html#:~:text=Strongly%20wavy%20margins%20with%20shallowly,identified%20as%20being%20lobulate;https://asknature.org/strategy/moving-efficiently-across-sand-without-slipping/#:~:text=,;https://www.cedars-sinai.org/health-library/diseases-and-conditions/c/curves-of-the-spine.html#:~:text=The%20normal%20spine%20has%20an,curves%20in%20the%20following%20ways"
circular,"Nymphaeaceae (white water lily circular leaves)","Medusozoa (jellyfish bell)","Human eyeball; osteons in bone","x^2 + y^2 = r^2","Earth element; Mercury (budha) sphere; Kapha (stability)","Pythagorean study of circles; mandala forms in sacred geometry","https://www.dnr.state.mn.us/aquatic_plants/floatingleaf_plants/white_water_lily.html#:~:text=Description%3A%20White%20flower%20with%20rows,is%20mostly%20below%20water%20surface"
triangular,"Cyperaceae (sedges have triangular stems)","Insectivora (many insect heads triangular)","Scapula (shoulder blade)","Area = 1/2 bh; triangular cross‑section", "Fire element; Mars; Pitta (transformation)","Triangles in Euclid’s Elements; triskelion motifs in Celtic art","https://gpnc.org/flora/sedges/#:~:text=Sedges%20are%20perennial%20herbs%20often,a%20sedge%20plant%20has%20three;https://www.webmd.com/a-to-z-guides/scapula-what-to-know#:~:text=What%20Is%20the%20Scapula%3F"
vesica,"Fabaceae (Lens culinaris seeds are lens‑shaped)","Osteichthyes (bony fish eye lens)","Human eye lens (biconvex)","Intersection of two circles (vesica piscis); equation of overlapping circles","Water‑Earth synergy; Jupiter/Venus; Kapha‑Pitta balance","Vesica piscis in Christian iconography and mandorla; Fibonacci recognized lens shapes","https://www.feedipedia.org/node/284#:~:text=2,The%20lentil;https://www.laramyk.com/resources/education/occular-anatomy/major-ocular-structures/#:~:text=,eye%27s%20shape%20and%20optical%20properties"
radial,"Asteraceae (disk florets radially symmetrical)","Echinodermata (sea stars, sea urchins)","Human iris and alveoli (radial structures)","Polar coordinates: r = f(θ)","Sun/Agni; Surya; Pitta (radiance)","D’Arcy Thompson’s work on radial symmetry; mandala and yantra designs","https://en.wikipedia.org/wiki/Asteraceae#:~:text=The%20florets%20have%20five%20petals,A%204%2B1%20scheme;https://ocean.si.edu/ocean-life/invertebrates/sea-stars-urchins-and-relatives#:~:text=In%20a%20typical%20sea%20star%2C,with%20six%20or%20seven%20arms"
parabolic,"Ranunculaceae (buttercup flowers adopt paraboloid shape)","Chiroptera (bat echolocation beams form parabolic focus)","Human skull vault (parabolic arch)","y = ax^2 (parabola)","Air element; Saturn (Shani); Vata‑Kapha interaction","Galileo’s study of parabolic trajectories; arches in gothic architecture","https://pmc.ncbi.nlm.nih.gov/articles/PMC5332578/#:~:text=Buttercup%20flowers%20are%20heliotropic%20,68"
spiral,"Asteraceae (sunflower seed heads form spirals following the golden angle); Amaranthaceae (spiral phyllotaxis)","Artiodactyla (spiral‑horned antelopes); Gastropoda (snail shells)","Cochlea (inner ear spiral)","r = a e^{bθ} (logarithmic spiral); Fibonacci sequence","Ether/Space element; Jupiter (Brihaspati) expansion; Vata (motion)","Johann Wolfgang von Goethe and D’Arcy Thompson analysed spirals; Fibonacci sequence in sacred geometry","https://asknature.org/strategy/fibonacci-sequence-optimizes-packing/#:~:text=,;https://animals.sandiegozoo.org/animals/spiral-horned-antelope#:~:text=So%2C%20how%20do%20the%20horns,Genes%20control%20growth%20pulses;https://en.wikipedia.org/wiki/Cochlea#:~:text=The%20cochlea%20is%20the%20part,tapered%20tube%20of%20the%20cochlea"
tensegrity,"Vitaceae (tendrils demonstrating tensegrity networks)","Primates (musculoskeletal system shows tensegrity)","Human fascia and cytoskeleton (tensegrity networks)","Tensegrity models: continuous tension with discontinuous compression; no single equation","Space/Akasha element; Rahu (innovation); Sattva balance","Buckminster Fuller popularised tensegrity; Donald Ingber proposed cellular tensegrity theory","https://ntrs.nasa.gov/citations/20040141931#:~:text=that%20is%20known%20as%20tensegrity,the%20internal%20cytoskeleton%20and%20nucleus"
branching,"Fabaceae (root nodules and branching roots); Fagaceae (oak tree branches)","Aves (lung air sacs branching); Mammalia (bronchial trees)","Human lungs (fractal branching of bronchi and alveoli)","Fractal equations (e.g., L-systems); power laws","Air element; Vayu; Vata dosha","D’Arcy Thompson and Benoit Mandelbrot studied fractal branching; ancient tree of life motifs","https://fractalfoundation.org/OFC/OFC-1-2.html"
