id,type,name,aliases,notes,source_file,attestation_status
graha:sun,graha,Sun,,,graha.yaml,seed_unverified
graha:moon,graha,Moon,,,graha.yaml,seed_unverified
graha:mars,graha,Mars,,,graha.yaml,seed_unverified
graha:mercury,graha,Mercury,,,graha.yaml,seed_unverified
graha:jupiter,graha,Jupiter,,,graha.yaml,seed_unverified
graha:venus,graha,Venus,,,graha.yaml,seed_unverified
graha:saturn,graha,Saturn,,,graha.yaml,seed_unverified
graha:rahu,graha,Rahu,,,graha.yaml,seed_unverified
graha:ketu,graha,Ketu,,,graha.yaml,seed_unverified
